{
  "Baseline": {
    "final_f1": 0.6191,
    "split_f1": {
      "split0": 0.6196900995943666,
      "split1": 0.585601029392299,
      "split2": 0.6382558658133274,
      "split3": 0.633144138174906,
      "split4": 0.6188165382935784
    },
    "num_eval_epochs": 250
  },
  "DCR Only": {
    "final_f1": 0.6241,
    "split_f1": {
      "split0": 0.6208230952992779,
      "split1": 0.6052571448018096,
      "split2": 0.6378905695410068,
      "split3": 0.622180987240203,
      "split4": 0.6341302590336676
    },
    "num_eval_epochs": 400
  },
  "PSAL Only": {
    "final_f1": 0.6274,
    "split_f1": {
      "split0": 0.6367416251757053,
      "split1": 0.5952929707682009,
      "split2": 0.6404257176692904,
      "split3": 0.622552734459349,
      "split4": 0.642221751275735
    },
    "num_eval_epochs": 382
  },
  "Full": {
    "final_f1": 0.6219,
    "split_f1": {
      "split0": 0.6188322397097211,
      "split1": 0.5870917475597688,
      "split2": 0.6363030829191645,
      "split3": 0.629672514395446,
      "split4": 0.6374775936638925
    },
    "num_eval_epochs": 150
  }
}